--
-- PostgreSQL database dump
--

-- Dumped from database version 14.2
-- Dumped by pg_dump version 14.2

-- Started on 2022-02-20 19:31:30

SET statement_timeout = 0;
SET lock_timeout = 0;
SET idle_in_transaction_session_timeout = 0;
SET client_encoding = 'UTF8';
SET standard_conforming_strings = on;
SELECT pg_catalog.set_config('search_path', '', false);
SET check_function_bodies = false;
SET xmloption = content;
SET client_min_messages = warning;
SET row_security = off;

--
-- TOC entry 3 (class 2615 OID 2200)
-- Name: develop; Type: SCHEMA; Schema: -; Owner: postgres
--

CREATE SCHEMA develop;


ALTER SCHEMA develop OWNER TO postgres;

--
-- TOC entry 3334 (class 0 OID 0)
-- Dependencies: 3
-- Name: SCHEMA develop; Type: COMMENT; Schema: -; Owner: postgres
--

COMMENT ON SCHEMA develop IS 'standard develop schema';


SET default_tablespace = '';

SET default_table_access_method = heap;

--
-- TOC entry 209 (class 1259 OID 16469)
-- Name: cajeros; Type: TABLE; Schema: develop; Owner: postgres
--

CREATE TABLE develop.cajeros (
    cajero integer NOT NULL,
    nom_apelis character varying(225)
);


ALTER TABLE develop.cajeros OWNER TO postgres;

--
-- TOC entry 210 (class 1259 OID 16474)
-- Name: maquinas_registradoras; Type: TABLE; Schema: develop; Owner: postgres
--

CREATE TABLE develop.maquinas_registradoras (
    maquina integer NOT NULL,
    piso integer
);


ALTER TABLE develop.maquinas_registradoras OWNER TO postgres;

--
-- TOC entry 212 (class 1259 OID 16478)
-- Name: productos; Type: TABLE; Schema: develop; Owner: postgres
--

CREATE TABLE develop.productos (
    producto integer NOT NULL,
    nombre character varying(100),
    precio money
);


ALTER TABLE develop.productos OWNER TO postgres;

--
-- TOC entry 211 (class 1259 OID 16477)
-- Name: productos_producto_seq; Type: SEQUENCE; Schema: develop; Owner: postgres
--

ALTER TABLE develop.productos ALTER COLUMN producto ADD GENERATED BY DEFAULT AS IDENTITY (
    SEQUENCE NAME develop.productos_producto_seq
    START WITH 1
    INCREMENT BY 1
    NO MINVALUE
    NO MAXVALUE
    CACHE 1
);


--
-- TOC entry 213 (class 1259 OID 16483)
-- Name: venta; Type: TABLE; Schema: develop; Owner: postgres
--

CREATE TABLE develop.venta (
    cajero integer NOT NULL,
    maquina integer NOT NULL,
    producto integer NOT NULL
);


ALTER TABLE develop.venta OWNER TO postgres;

--
-- TOC entry 3324 (class 0 OID 16469)
-- Dependencies: 209
-- Data for Name: cajeros; Type: TABLE DATA; Schema: develop; Owner: postgres
--

INSERT INTO develop.cajeros VALUES (1, 'Cajero 1');
INSERT INTO develop.cajeros VALUES (2, 'Cajero 2');


--
-- TOC entry 3325 (class 0 OID 16474)
-- Dependencies: 210
-- Data for Name: maquinas_registradoras; Type: TABLE DATA; Schema: develop; Owner: postgres
--

INSERT INTO develop.maquinas_registradoras VALUES (1, 1);
INSERT INTO develop.maquinas_registradoras VALUES (2, 2);
INSERT INTO develop.maquinas_registradoras VALUES (3, 3);
INSERT INTO develop.maquinas_registradoras VALUES (4, 4);


--
-- TOC entry 3327 (class 0 OID 16478)
-- Dependencies: 212
-- Data for Name: productos; Type: TABLE DATA; Schema: develop; Owner: postgres
--

INSERT INTO develop.productos VALUES (1, 'chetos', '$15.00');
INSERT INTO develop.productos VALUES (2, 'Laptop', '$25,000.00');
INSERT INTO develop.productos VALUES (3, 'Mouse', '$600.00');


--
-- TOC entry 3328 (class 0 OID 16483)
-- Dependencies: 213
-- Data for Name: venta; Type: TABLE DATA; Schema: develop; Owner: postgres
--

INSERT INTO develop.venta VALUES (1, 1, 1);
INSERT INTO develop.venta VALUES (2, 4, 2);
INSERT INTO develop.venta VALUES (1, 3, 3);
INSERT INTO develop.venta VALUES (1, 2, 2);
INSERT INTO develop.venta VALUES (2, 4, 2);
INSERT INTO develop.venta VALUES (2, 4, 1);


--
-- TOC entry 3335 (class 0 OID 0)
-- Dependencies: 211
-- Name: productos_producto_seq; Type: SEQUENCE SET; Schema: develop; Owner: postgres
--

SELECT pg_catalog.setval('develop.productos_producto_seq', 1, false);


--
-- TOC entry 3177 (class 2606 OID 16473)
-- Name: cajeros cajeros_pkey; Type: CONSTRAINT; Schema: develop; Owner: postgres
--

ALTER TABLE ONLY develop.cajeros
    ADD CONSTRAINT cajeros_pkey PRIMARY KEY (cajero);


--
-- TOC entry 3179 (class 2606 OID 16542)
-- Name: maquinas_registradoras maquinas_registradoras_pk; Type: CONSTRAINT; Schema: develop; Owner: postgres
--

ALTER TABLE ONLY develop.maquinas_registradoras
    ADD CONSTRAINT maquinas_registradoras_pk PRIMARY KEY (maquina);


--
-- TOC entry 3181 (class 2606 OID 16482)
-- Name: productos productos_pkey; Type: CONSTRAINT; Schema: develop; Owner: postgres
--

ALTER TABLE ONLY develop.productos
    ADD CONSTRAINT productos_pkey PRIMARY KEY (producto);


--
-- TOC entry 3182 (class 2606 OID 16531)
-- Name: venta producto_venta_fk; Type: FK CONSTRAINT; Schema: develop; Owner: postgres
--

ALTER TABLE ONLY develop.venta
    ADD CONSTRAINT producto_venta_fk FOREIGN KEY (producto) REFERENCES develop.productos(producto);


--
-- TOC entry 3183 (class 2606 OID 16543)
-- Name: venta vent_maquina_fk; Type: FK CONSTRAINT; Schema: develop; Owner: postgres
--

ALTER TABLE ONLY develop.venta
    ADD CONSTRAINT vent_maquina_fk FOREIGN KEY (maquina) REFERENCES develop.maquinas_registradoras(maquina);


--
-- TOC entry 3184 (class 2606 OID 16526)
-- Name: venta venta_cajeros_fk; Type: FK CONSTRAINT; Schema: develop; Owner: postgres
--

ALTER TABLE ONLY develop.venta
    ADD CONSTRAINT venta_cajeros_fk FOREIGN KEY (cajero) REFERENCES develop.cajeros(cajero);


-- Completed on 2022-02-20 19:31:30

--
-- PostgreSQL database dump complete
--

